{
  "metadata": {
    "L": 8,
    "beta": 1.0,
    "thermalization_sweeps": 1000,
    "skip_sweeps": 30,
    "num_configs": 256,
    "proposal_width": 0.9,
    "seed": 2026040601
  },
  "diagnostics": {
    "avg_plaquette": 0.44899340101356683,
    "avg_wilson_1x1": 0.44899340101356683,
    "avg_wilson_2x2": 0.03608991777043716,
    "avg_topological_charge": -0.023437500000000035,
    "avg_acceptance_rate": 0.8325550835253456,
    "plaquette_std": 0.0689450448816065,
    "plaquette_sem": 0.004309065305100406,
    "exact_infinite_volume_plaquette": 0.44638996589653457,
    "plaquette_abs_error": 0.00260343511703226,
    "plaquette_tolerance": 0.08,
    "pass_exactness_check": true,
    "plaquette_history": [
      0.5141138371576648,
      0.5096826300526371,
      0.5508738804671314,
      0.5093028287511023,
      0.312661970765195,
      0.4897797014711675,
      0.5163821121766468,
      0.40254786992475766,
      0.5387062108227285,
      0.498637848052159,
      0.27487861663412294,
      0.43198864623464794,
      0.4227035436836062,
      0.49456193339031074,
      0.5440419328183143,
      0.3428333261852255,
      0.35017629488227914,
      0.42270745046180785,
      0.4777532025494934,
      0.41794753921862143,
      0.5624042428136087,
      0.4446762946860891,
      0.40370325650281774,
      0.5213664451918375,
      0.4789057175376219,
      0.40484018655138987,
      0.39789828227562485,
      0.3503232135167864,
      0.48294787019578267,
      0.5284670066731647,
      0.41315694983230056,
      0.40328050154490463,
      0.4080908224718038,
      0.4296634479027162,
      0.5345686272896292,
      0.42805055720342994,
      0.4333904820516413,
      0.3853994299545004,
      0.5377682324126952,
      0.3832174781470631,
      0.39267307128809453,
      0.4882837050436225,
      0.31224585808792266,
      0.4862227802300978,
      0.4597062277494258,
      0.4517158657632604,
      0.30695431209858604,
      0.36844135984174337,
      0.48279409345444524,
      0.46781989408840496,
      0.42204450692059936,
      0.41881337019571524,
      0.4183882252922612,
      0.39190402803491975,
      0.4667663831268974,
      0.5417167274386538,
      0.5046520527168381,
      0.49168268866259207,
      0.3751182068135487,
      0.31536335584956743,
      0.3994378764109681,
      0.5416410131580027,
      0.450494234006221,
      0.5260402946754308,
      0.4956972782937062,
      0.3151834178907386,
      0.5429982071798778,
      0.48179094146784845,
      0.45830297764207983,
      0.34587827388819953,
      0.4833573450026118,
      0.45422047600161286,
      0.4591627368809178,
      0.4394919774004675,
      0.42288958151886036,
      0.5025544858391229,
      0.35395427235116816,
      0.5075019531133487,
      0.445414184458221,
      0.40084413584539136,
      0.421992139540294,
      0.4756458783242572,
      0.3622594558744848,
      0.5189410916904927,
      0.4138101453304645,
      0.4368734531384957,
      0.43748729455790414,
      0.46554409057370727,
      0.4360840899703968,
      0.5273165413852762,
      0.5654455864440002,
      0.44700005200958504,
      0.5290516283901346,
      0.5131983753155979,
      0.347285514603097,
      0.4806783807699857,
      0.4831266689274122,
      0.5699437256294086,
      0.48364098877722494,
      0.37785328904836496,
      0.46172036879490186,
      0.4012495043606129,
      0.4637677071516365,
      0.5177145911524261,
      0.4532462444852257,
      0.4733634993839142,
      0.41664455430841085,
      0.36596967876574393,
      0.5316508313719746,
      0.4693840675556516,
      0.4355562416082706,
      0.4280060423252092,
      0.4518815644022305,
      0.4085413641350612,
      0.4657022337559252,
      0.42966786974985915,
      0.5250915181497415,
      0.44214094606691967,
      0.4257182950574002,
      0.380675385598493,
      0.4514594865678697,
      0.5145590193182288,
      0.4450513692099522,
      0.5424518838083006,
      0.4146166696382586,
      0.4460113358594228,
      0.4394427341742961,
      0.426610909287786,
      0.45719089184393163,
      0.5494088767407039,
      0.299820829326484,
      0.5018964847072287,
      0.507294340727432,
      0.319682558760831,
      0.4308327493859303,
      0.512076944398508,
      0.5313122374821402,
      0.41184645591103397,
      0.5248915661613768,
      0.4708013484952844,
      0.6219335156270627,
      0.4557413772150708,
      0.5283572522597884,
      0.41250319296449556,
      0.36657745665869595,
      0.5047256532001622,
      0.4253369808684725,
      0.5429022018111613,
      0.44795299391281945,
      0.35783556662328786,
      0.5650951246848646,
      0.47915366011080707,
      0.46474122903456316,
      0.517566452664355,
      0.4423634775425723,
      0.4215843831238011,
      0.5174546258497212,
      0.5118626843450043,
      0.4657697940305111,
      0.4762342812569533,
      0.5487814075158399,
      0.42469960582937133,
      0.3334812596998211,
      0.4390898570050201,
      0.4128932495618573,
      0.4278586426869343,
      0.4137987397032439,
      0.4422357024122381,
      0.4575635051772493,
      0.3778195512619321,
      0.4476423691532577,
      0.5683564197325179,
      0.39611252135335423,
      0.527381476898054,
      0.4247735800887801,
      0.4364512770619686,
      0.5539745398084557,
      0.42268263807046735,
      0.3721759828581179,
      0.5073493710005441,
      0.5471555611806991,
      0.45757397770026864,
      0.4138890956905576,
      0.3265060990750063,
      0.35575206874645143,
      0.3909170138712461,
      0.4715892034285708,
      0.4871680795058133,
      0.4018909913040922,
      0.49770657349887754,
      0.4668425864294974,
      0.4586072075525746,
      0.496551297678991,
      0.5550826084272028,
      0.5517661824139799,
      0.3808063700688048,
      0.2760472343219903,
      0.41921250028626855,
      0.5009682720365414,
      0.3130917823483837,
      0.5395616514484609,
      0.31134884708663285,
      0.4898177468154206,
      0.43433220133658335,
      0.3532795043548474,
      0.32195284901256327,
      0.39768233106564255,
      0.4709092044166596,
      0.5713067415621932,
      0.4932756822225405,
      0.40386654084757256,
      0.46438332388775283,
      0.4632600516330999,
      0.40913405506108247,
      0.47307126941261035,
      0.497018123440959,
      0.4153754273708762,
      0.5957581675042483,
      0.4836170664609887,
      0.4699680658832973,
      0.42895089414661247,
      0.4397276978026594,
      0.4118742256153629,
      0.45372023686479274,
      0.396779801338459,
      0.3082286012180099,
      0.4423642563762339,
      0.519070624235404,
      0.3293095460328629,
      0.43696777152893346,
      0.41563249438478356,
      0.3856201351475014,
      0.29066178234013074,
      0.48087800855599316,
      0.504751079675016,
      0.3482708504770007,
      0.40655163236017444,
      0.2854124880483896,
      0.4345758456782706,
      0.4147005744951313,
      0.58733994355405,
      0.5025522947394732,
      0.5291146456320801,
      0.5860413333644985,
      0.4046090362903992,
      0.36831697049795786,
      0.49558871279322547,
      0.5169108644173745,
      0.3663526320833864,
      0.4956610150427595,
      0.5507284752919339,
      0.5114719128379908,
      0.4730463821678822,
      0.4620138730276176,
      0.39313527836942086,
      0.29382919952608366
    ]
  }
}