{
  "metadata": {
    "L": 8,
    "beta": 1.0,
    "thermalization_sweeps": 600,
    "skip_sweeps": 25,
    "num_configs": 64,
    "proposal_width": 0.9,
    "seed": 12345
  },
  "diagnostics": {
    "avg_plaquette": 0.44789926304910394,
    "avg_wilson_1x1": 0.44789926304910394,
    "avg_wilson_2x2": 0.020131229278451124,
    "avg_topological_charge": -0.18749999999999997,
    "avg_acceptance_rate": 0.8317009943181818,
    "plaquette_std": 0.07394760615416446,
    "plaquette_sem": 0.009243450769270557,
    "exact_infinite_volume_plaquette": 0.44638996589653457,
    "plaquette_abs_error": 0.0015092971525693666,
    "plaquette_tolerance": 0.08,
    "pass_exactness_check": true,
    "plaquette_history": [
      0.3548457268921932,
      0.5292207607081436,
      0.3908086959312794,
      0.4272816137442246,
      0.39242193336000136,
      0.47294470023669727,
      0.521383011629382,
      0.4862165409794711,
      0.4404913673105008,
      0.4717006855910807,
      0.3875035920398685,
      0.5057415455161994,
      0.48913665224902336,
      0.34439903841206876,
      0.34278594194829487,
      0.29609289086348,
      0.5344905058129028,
      0.4610008269289026,
      0.5311612147226594,
      0.3981364299126505,
      0.4376119388137293,
      0.42680090540934135,
      0.4650927382637313,
      0.42894356470769723,
      0.4462192308788904,
      0.42521921617584124,
      0.3984944332506337,
      0.44487806481682235,
      0.6825831147253241,
      0.4378853167844655,
      0.5016193704629139,
      0.5329064556188803,
      0.3487570792914735,
      0.46700265780367123,
      0.3685178171967215,
      0.5030754888555823,
      0.4444282931884046,
      0.49833046317110236,
      0.35938910249747125,
      0.36479727787067723,
      0.411240264707894,
      0.5097751098760991,
      0.5669962029060802,
      0.29620069249351555,
      0.5270835408171217,
      0.5310020001791282,
      0.4881308489677854,
      0.4921492113851538,
      0.5444557897071024,
      0.424245080590012,
      0.35250181058137803,
      0.4998817740644825,
      0.4243681352464405,
      0.38761306181473076,
      0.3625859836840813,
      0.40607375540734925,
      0.38997586611004686,
      0.4253012142213227,
      0.6235240383646217,
      0.438433925699601,
      0.42195243568561364,
      0.510082642962538,
      0.479527310155092,
      0.39213593494306404
    ]
  }
}