{
  "metadata": {
    "L": 12,
    "beta": 1.0,
    "thermalization_sweeps": 1000,
    "skip_sweeps": 30,
    "num_configs": 192,
    "proposal_width": 0.9,
    "seed": 2026040602
  },
  "diagnostics": {
    "avg_plaquette": 0.44569170682237597,
    "avg_wilson_1x1": 0.44569170682237597,
    "avg_wilson_2x2": 0.037989257000664585,
    "avg_topological_charge": -0.052083333333333336,
    "plaquette_std": 0.05438531896695533,
    "plaquette_sem": 0.0039249223181919155,
    "exact_infinite_volume_plaquette": 0.44638996589653457,
    "plaquette_abs_error": 0.0006982590741586026,
    "plaquette_tolerance": 0.08,
    "pass_exactness_check": true
  }
}