{
  "metadata": {
    "L": 12,
    "beta": 1.0,
    "thermalization_sweeps": 1000,
    "skip_sweeps": 30,
    "num_configs": 192,
    "proposal_width": 0.9,
    "seed": 2026040602
  },
  "diagnostics": {
    "avg_plaquette": 0.44569170682237597,
    "avg_wilson_1x1": 0.44569170682237597,
    "avg_wilson_2x2": 0.037989257000664585,
    "avg_topological_charge": -0.052083333333333336,
    "avg_acceptance_rate": 0.8320271408612755,
    "plaquette_std": 0.05438531896695533,
    "plaquette_sem": 0.0039249223181919155,
    "exact_infinite_volume_plaquette": 0.44638996589653457,
    "plaquette_abs_error": 0.0006982590741586026,
    "plaquette_tolerance": 0.08,
    "pass_exactness_check": true,
    "plaquette_history": [
      0.4034742644083669,
      0.41332701008040496,
      0.4665257850807561,
      0.40663241105484915,
      0.475699622029759,
      0.46470767616107383,
      0.3975279786899439,
      0.4847872652913902,
      0.46942284594947226,
      0.49087216708625575,
      0.48729741192889947,
      0.5157272738306631,
      0.544031966971268,
      0.44943465189445614,
      0.4649168450662361,
      0.45991734932574463,
      0.44053243818109183,
      0.5309020021591964,
      0.43454261893480123,
      0.4197217795681006,
      0.3751865911055782,
      0.38461869303033647,
      0.4704858847122277,
      0.4185597283464317,
      0.3947017028170133,
      0.388305804392923,
      0.4277378215350563,
      0.5192405053577978,
      0.39257857740005586,
      0.43731399730938836,
      0.39962740601153796,
      0.4800556137719656,
      0.39900897574518307,
      0.43417701595315855,
      0.36957231799695306,
      0.46037400289480984,
      0.46912523198178224,
      0.3884934890087676,
      0.5338212448126793,
      0.5016706590295082,
      0.3717301034478764,
      0.5115632904844039,
      0.5021441328980243,
      0.4304755363870265,
      0.41236374905348533,
      0.3716437707405788,
      0.4012281590040303,
      0.4630929933238728,
      0.45967124654224356,
      0.4655529645656478,
      0.48930803819255075,
      0.5418580898834845,
      0.402017144700832,
      0.4351511803315658,
      0.4228005785666233,
      0.3561045981254395,
      0.43207398476042924,
      0.47515115021799265,
      0.41310653038987066,
      0.32926384251831486,
      0.5035897428067672,
      0.5191731699082474,
      0.3659578080211563,
      0.41487637090199014,
      0.3576868190804008,
      0.4166213864641917,
      0.4259255996337479,
      0.49601435023401863,
      0.46220957347413816,
      0.488764056156498,
      0.35953590901188737,
      0.3687965397514936,
      0.4073744945330304,
      0.4649374129393484,
      0.3693069863893191,
      0.4656456767539095,
      0.4538569160463493,
      0.40911596118423943,
      0.38808269595656264,
      0.3978223055196414,
      0.403282157135222,
      0.34392554357926863,
      0.4344620968598398,
      0.39413594943390184,
      0.44478611174141075,
      0.3696794965604812,
      0.4678895351909499,
      0.5087538161695659,
      0.46612228390245236,
      0.43902903863154125,
      0.39547789178493226,
      0.4081491650104264,
      0.4690657996013827,
      0.4412213016825549,
      0.5053243559726474,
      0.4136068599061702,
      0.3371783666003625,
      0.5035089663545946,
      0.4139003075872922,
      0.4944531741161495,
      0.3886315289808831,
      0.419347407990209,
      0.44833530565108265,
      0.4243639545552106,
      0.4690812457760409,
      0.4195449979391268,
      0.5409592969173331,
      0.32406582837003023,
      0.5278241633073465,
      0.45024533049078663,
      0.44548711138503694,
      0.29907483816222513,
      0.4057640454639215,
      0.5178745816540987,
      0.46097810893436414,
      0.4896058224553143,
      0.5272817357552202,
      0.4295243330272581,
      0.40246325017574586,
      0.44244312538993114,
      0.44856312581976215,
      0.46275705010289503,
      0.4638968000400577,
      0.49141898877258977,
      0.37891962519431593,
      0.46654908561899394,
      0.3314895713576236,
      0.38302729996576534,
      0.3894534160509304,
      0.4589413837232319,
      0.48848918736625613,
      0.3805189262494237,
      0.4079552861228677,
      0.4788875271252942,
      0.4275689396721752,
      0.45913738920200003,
      0.3426770906408029,
      0.4637635917146652,
      0.539027196939389,
      0.4625791692502578,
      0.419243460112934,
      0.4936088864928304,
      0.3968369121376589,
      0.5376274682406331,
      0.45792663436453995,
      0.41696497219881845,
      0.45817552143253615,
      0.5220384637293303,
      0.5140237347466093,
      0.4486056771424438,
      0.3573223751723971,
      0.41946307763868307,
      0.4638259658178793,
      0.5123323681842697,
      0.5974660479333723,
      0.43240664239879306,
      0.4897270160097297,
      0.41387907427184745,
      0.38641311654243027,
      0.3837177445500715,
      0.49715837181577793,
      0.4368126249177167,
      0.5032694582794894,
      0.4761634754348407,
      0.42784833257899135,
      0.4708760701963121,
      0.4035669606592867,
      0.44089696693301306,
      0.5276071625288484,
      0.51374355807604,
      0.582757515360391,
      0.43550682995838896,
      0.46366660254768394,
      0.42501662702879645,
      0.48839635506588686,
      0.4410137855761509,
      0.5064592491105278,
      0.5224173667505346,
      0.568237140711799,
      0.3711500491432312,
      0.44034932471953436,
      0.3969484042007145,
      0.48054835146216335,
      0.5020221793146287,
      0.4478355438436903,
      0.40635366126711714,
      0.45081965861285145,
      0.48912450646783007,
      0.48452788876629327,
      0.4983876187728488,
      0.5298673343388491,
      0.5231332093994173
    ]
  }
}